,Player,MP_Pred,FPM_Pred,FanDuel Points Prediction
0,Aaron Gordon,27.99636465330169,0.9704348786054068,27.168648733719525
